Tipo,Codigo,Descripcion,Stock,Litros,EsAcero,Metros,ListaPrecios
MuroSeco,e7f6a01b-d301-44d9-89c8-cbb947ce6fd3,Flexible Duradero Resistente Ligero Calidad,97,0,1,1.12,"[1,Resistente Calidad C1,47517.04,0.24]|[2,Resistente Calidad C2,40185.85,0.05]|[5,Resistente Calidad C5,9981.09,0.18]"
MuroSeco,672d5b1e-2dcc-48e3-8a7a-6faba284169f,Rápido Flexible Económico Secado Ligero,240,0,1,1.66,"[2,Resistente Calidad C2,46522.63,0.17]"
MuroSeco,c9ddd0ff-b39d-49b2-be39-8c946e038c01,Alta Impermeable Secado Económico,114,0,1,1.57,"[1,Calidad Resistente C1,21637.47,0.15]"
Pintura,77a7115a-27e8-4003-8241-9601389a4295,Resistente Rápido Duradero,37,24,0,0,"[1,Calidad Alta C1,33388.69,0.19]|[2,Calidad Alta C2,19999.25,0.01]|[3,Calidad Alta C3,17619.4,0.03]|[4,Calidad Alta C4,1061.11,0.2]"
MuroSeco,fb6cde55-05b8-4b77-92ca-797e158d5f5d,Ligero Impermeable Resistente Rápido,149,0,1,0.52,"[5,Resistente Calidad C5,29036.69,0.11]|[2,Resistente Calidad C2,22254.31,0.05]|[4,Resistente Calidad C4,42420.32,0.04]"
Pintura,61fafd01-154e-4265-8283-e8475e7adb87,Impermeable Duradero Rápido Económico Calidad,30,11,0,0,"[5,Resistente C5,37232.73,0.23]|[1,Resistente C1,17209.71,0.02]|[4,Resistente C4,48820.99,0.16]|[2,Resistente C2,37771.53,0.16]|[3,Resistente C3,45703.01,0.06]"
MuroSeco,5a39170c-b52c-4954-84d0-233966c71377,Flexible Económico Calidad Duradero,45,0,1,1.41,"[1,Alta Calidad C1,47537.5,0.13]|[2,Alta Calidad C2,46055.03,0.06]"
Pintura,84d5510a-efd5-4a94-a194-d769d2fa3454,Secado Impermeable,71,16,0,0,"[2,Resistente Calidad C2,29315.63,0.08]|[4,Resistente Calidad C4,13505.36,0.1]|[1,Resistente Calidad C1,27291.77,0.16]|[3,Resistente Calidad C3,37775.76,0.05]"
MuroSeco,815d07bd-90ff-4ded-b51e-a157dd0cc14e,Secado Impermeable,162,0,0,0.51,"[4,Alta C4,21315.65,0.16]"
MuroSeco,b50b2b90-ee4b-429b-a0c1-2cb4ef85b239,Rápido,27,0,1,1.86,"[4,Calidad C4,47887.18,0.24]|[2,Calidad C2,10787.44,0.24]|[3,Calidad C3,7781.65,0.08]|[1,Calidad C1,24356.41,0.03]"
Pintura,e9c4b085-6a7a-44f2-9bda-40050498d071,Calidad,220,17,0,0,"[1,Resistente C1,19432.02,0.11]|[3,Resistente C3,13181.83,0.2]|[5,Resistente C5,4941.71,0.2]|[2,Resistente C2,45482.13,0.22]|[4,Resistente C4,22639.21,0.04]"
Pintura,af07ad38-a998-43f2-854e-d719072c9d2c,Duradero,40,9,0,0,"[2,Resistente C2,38650.37,0.16]|[5,Resistente C5,16159.98,0.06]|[4,Resistente C4,12596.79,0.1]|[1,Resistente C1,10307.18,0.12]|[3,Resistente C3,33050.24,0.15]"
Pintura,86c12b6e-e1ff-46d4-b7e7-610b2ade1f7f,Calidad Económico,35,17,0,0,"[3,Alta C3,8277.15,0.04]|[4,Alta C4,24020.62,0.03]|[1,Alta C1,23776.06,0.09]|[2,Alta C2,2851.26,0.18]"
MuroSeco,05822d82-2726-4386-8b4a-b63a994408a3,Rápido,162,0,0,1.45,"[5,Resistente Calidad C5,14422.75,0.07]|[3,Resistente Calidad C3,32157.97,0.03]"
Pintura,d59cde2d-6830-40cc-8346-c21c4eb25c92,Secado,75,13,0,0,"[1,Calidad Alta C1,7280.57,0.09]"
Pintura,e204332c-4c55-41c1-813a-e5c79b03a9f5,Rápido Alta Flexible Duradero,51,10,0,0,"[5,Calidad Alta C5,43140.9,0.07]|[4,Calidad Alta C4,10717.97,0.22]|[1,Calidad Alta C1,6370.99,0.02]"
Pintura,b286913b-9f09-4d7b-b9ee-b6ad45199061,Secado Duradero,176,22,0,0,"[5,Calidad C5,20346.69,0.02]|[2,Calidad C2,47491.45,0.14]|[4,Calidad C4,39805.38,0.25]"
Pintura,07c2e6a0-0261-442c-8f99-12b8266fe8b9,Calidad,144,13,0,0,"[3,Calidad Alta C3,37849.03,0.2]|[1,Calidad Alta C1,1288.17,0.06]|[4,Calidad Alta C4,36408.02,0.09]|[2,Calidad Alta C2,8541.32,0.03]"
MuroSeco,a7d6245b-7113-46c8-abf4-a3d7441177db,Alta Secado Rápido,76,0,1,1.82,"[5,Resistente Calidad C5,24171.48,0.03]|[2,Resistente Calidad C2,35613.22,0.12]|[1,Resistente Calidad C1,28269.32,0.04]|[4,Resistente Calidad C4,48561.95,0.18]|[3,Resistente Calidad C3,8670.19,0.13]"
Pintura,95b4052c-18b2-494c-8cc1-e559b8194c28,Rápido Impermeable Calidad Duradero Ligero,139,21,0,0,"[2,Alta Resistente C2,46868.47,0.21]|[4,Alta Resistente C4,24023.23,0.25]|[3,Alta Resistente C3,30564.83,0.04]"
Pintura,b1400d70-0af8-48b5-a4e1-63cb97db4407,Resistente,197,17,0,0,"[3,Alta C3,37789.24,0.04]|[5,Alta C5,42406.0,0.13]|[4,Alta C4,44033.91,0.04]|[2,Alta C2,14068.85,0.09]"
MuroSeco,f331f90d-fd3d-4926-a3c1-c1dc3cd98d0d,Secado Flexible Alta Impermeable Duradero,38,0,1,1.29,"[3,Resistente Alta C3,6652.01,0.13]|[1,Resistente Alta C1,10961.52,0.12]"
MuroSeco,d172323f-123b-4f2b-9a87-1491a5433a39,Resistente Impermeable Flexible Ligero Económico,108,0,0,1.28,"[4,Calidad C4,47421.77,0.18]|[5,Calidad C5,32112.12,0.04]"
Pintura,04277548-5d0f-4826-8a4d-835d805e7d30,Duradero Resistente Ligero Alta,31,14,0,0,"[2,Resistente Alta C2,34890.97,0.18]"
Pintura,2ed30209-fcf8-4f17-ad1d-fcf11dcd456b,Impermeable,231,22,0,0,"[3,Alta Resistente C3,20223.97,0.17]|[5,Alta Resistente C5,30506.41,0.25]|[2,Alta Resistente C2,48954.96,0.17]|[4,Alta Resistente C4,33511.52,0.15]"
MuroSeco,de4354b0-126f-4dc4-8519-af9d8ed37148,Calidad,167,0,1,0.69,"[1,Resistente C1,39016.94,0.25]|[5,Resistente C5,26051.58,0.18]|[2,Resistente C2,43143.93,0.19]"
Pintura,3d62e6cc-0fb5-4107-8c75-88d1f6177140,Duradero,71,21,0,0,"[4,Resistente C4,41234.04,0.17]|[2,Resistente C2,12082.73,0.25]|[3,Resistente C3,44903.2,0.11]"
MuroSeco,0337a5c8-9f1d-4aa5-a4d1-2fa4d27ea5cf,Resistente Económico Duradero Ligero Flexible,218,0,0,0.85,"[1,Resistente Calidad C1,22712.59,0.12]|[5,Resistente Calidad C5,35305.62,0.04]|[3,Resistente Calidad C3,45943.33,0.23]|[2,Resistente Calidad C2,27303.94,0.16]"
MuroSeco,3e0efaf8-9013-4dd6-802a-b74cccf333cc,Calidad,234,0,0,1.23,"[5,Resistente C5,41502.22,0.17]|[4,Resistente C4,2204.06,0.06]|[3,Resistente C3,14546.66,0.15]"
Pintura,85b5b29f-9b01-4066-a29b-78053cdd293d,Ligero Resistente Secado Impermeable,136,8,0,0,"[2,Resistente C2,16324.23,0.21]"
MuroSeco,e8db4db3-64e3-4ee5-bb21-542cea71c997,Impermeable Resistente Calidad Ligero,116,0,1,0.56,"[4,Alta C4,29856.53,0.13]|[5,Alta C5,10542.99,0.03]|[2,Alta C2,1402.79,0.08]"
MuroSeco,af186df1-0c6e-48ae-8ec2-4d97038229fc,Rápido Calidad,200,0,1,1.66,"[4,Alta Resistente C4,39150.74,0.21]"
MuroSeco,70188743-1867-4d94-9eac-5b7cd007f396,Duradero Rápido,77,0,0,1.41,"[3,Resistente Alta C3,10667.77,0.21]|[2,Resistente Alta C2,18147.99,0.22]|[1,Resistente Alta C1,14549.41,0.2]|[5,Resistente Alta C5,49793.78,0.16]"
MuroSeco,06d1c89f-68da-4e88-9b3a-edfa37dfc13e,Impermeable,186,0,0,1.43,"[2,Calidad Alta C2,8689.42,0.2]|[5,Calidad Alta C5,5878.78,0.21]|[1,Calidad Alta C1,6698.63,0.24]"
Pintura,c135acb4-6f8b-48d5-bfa0-be70f27621b9,Alta Calidad,127,23,0,0,"[4,Alta C4,41008.13,0.08]"
Pintura,21136d84-f9a1-481f-a906-4305f48ce302,Alta Impermeable Ligero Duradero Económico,190,11,0,0,"[1,Resistente Alta C1,17845.52,0.05]|[2,Resistente Alta C2,1782.7,0.17]|[3,Resistente Alta C3,26966.0,0.15]|[4,Resistente Alta C4,17025.48,0.12]"
Pintura,511627ea-dd03-4bcd-8c89-bb8058795594,Calidad Ligero Secado Económico Resistente,72,13,0,0,"[4,Alta Calidad C4,12278.38,0.05]|[5,Alta Calidad C5,24041.03,0.14]|[2,Alta Calidad C2,6980.07,0.22]|[1,Alta Calidad C1,13953.17,0.14]|[3,Alta Calidad C3,20942.12,0.08]"
MuroSeco,7152d42e-0bb1-4b98-8dec-030635749a43,Secado Resistente Alta Rápido Impermeable,197,0,1,1.27,"[2,Resistente C2,27417.27,0.15]"
MuroSeco,3aedc7a3-e510-48ac-b34f-10cf343d89cd,Secado Rápido Resistente Duradero,153,0,1,0.75,"[1,Resistente Calidad C1,13995.22,0.08]"
MuroSeco,b2cedab4-1302-4d52-b8b9-09266604cf7f,Rápido,96,0,0,1.1,"[2,Resistente Alta C2,25450.95,0.13]|[3,Resistente Alta C3,43771.02,0.25]|[5,Resistente Alta C5,8775.26,0.14]|[4,Resistente Alta C4,21540.34,0.14]|[1,Resistente Alta C1,22225.13,0.1]"
Pintura,e57483a2-6af2-427b-a98f-c8be03dc08af,Ligero Impermeable Resistente Duradero,222,17,0,0,"[2,Calidad C2,9463.55,0.23]"
MuroSeco,dc73dc78-9d24-4f17-b85f-64312bbf660f,Duradero Ligero Secado Rápido,204,0,0,1.64,"[1,Alta C1,41055.21,0.24]|[5,Alta C5,30413.91,0.07]|[3,Alta C3,5368.32,0.19]|[2,Alta C2,35503.87,0.08]|[4,Alta C4,32911.68,0.23]"
MuroSeco,23067af5-0d75-45d4-96d4-0666f93c01ea,Alta,147,0,1,0.81,"[4,Resistente C4,11839.5,0.03]|[3,Resistente C3,36366.63,0.12]|[5,Resistente C5,22604.82,0.15]"
Pintura,a38af53f-fc0b-4cda-885e-5de4ffae5fc3,Flexible,216,21,0,0,"[4,Calidad C4,22386.31,0.2]|[5,Calidad C5,12078.51,0.12]|[1,Calidad C1,43949.2,0.05]|[2,Calidad C2,19105.42,0.23]|[3,Calidad C3,1955.09,0.16]"
MuroSeco,c0ca91c7-5923-4b09-bf12-1ecca1c7f189,Rápido Flexible Ligero Duradero,47,0,1,1.78,"[5,Resistente Alta C5,24157.05,0.06]|[4,Resistente Alta C4,4822.85,0.18]|[1,Resistente Alta C1,37907.07,0.18]"
Pintura,35378a51-5033-4f30-b597-bde627b856da,Ligero Secado Alta Impermeable,241,22,0,0,"[2,Calidad Alta C2,41515.39,0.04]|[1,Calidad Alta C1,40978.03,0.2]|[5,Calidad Alta C5,36297.73,0.19]|[3,Calidad Alta C3,35607.35,0.17]"
MuroSeco,48b25346-44b3-479c-a973-899087e7d89f,Resistente Rápido Económico,74,0,1,1.99,"[2,Resistente Calidad C2,8202.52,0.1]"
Pintura,40856541-4275-4250-9cc7-1e8710b2b3be,Económico,133,7,0,0,"[3,Alta Resistente C3,20797.0,0.11]|[1,Alta Resistente C1,42491.34,0.04]|[4,Alta Resistente C4,26609.81,0.15]"
MuroSeco,630722e7-f94e-469c-94fa-0285196a3c4b,Rápido Ligero Impermeable Resistente Flexible,28,0,0,1.45,"[1,Resistente Calidad C1,26525.4,0.14]"
Pintura,3d5cdf15-b8fa-47ed-9084-704bda2e5381,Flexible,115,18,0,0,"[1,Alta C1,16318.47,0.09]|[4,Alta C4,44792.53,0.15]|[2,Alta C2,34240.75,0.01]|[5,Alta C5,27537.73,0.08]"
Pintura,c6bbef14-09c7-4993-8c79-9f48b96753fd,Impermeable Rápido Económico Ligero Alta,173,17,0,0,"[4,Resistente Alta C4,39500.34,0.04]|[1,Resistente Alta C1,17699.4,0.1]|[3,Resistente Alta C3,27158.63,0.08]|[5,Resistente Alta C5,35853.75,0.06]"
Pintura,8001709e-0224-44e2-9acd-576f858a2f47,Flexible Calidad Ligero Duradero,133,10,0,0,"[5,Alta C5,18667.39,0.21]|[1,Alta C1,10838.93,0.24]|[4,Alta C4,27355.46,0.05]|[2,Alta C2,37709.21,0.18]|[3,Alta C3,7026.32,0.03]"
MuroSeco,82ec63db-8e98-4925-898d-276ffa294fe9,Impermeable Calidad Económico Ligero Alta,215,0,1,1.42,"[5,Resistente Alta C5,22567.48,0.24]|[3,Resistente Alta C3,47014.05,0.23]|[2,Resistente Alta C2,26084.61,0.19]"
MuroSeco,4681352c-26f2-46e6-b586-52f1de4b7aef,Ligero Resistente Calidad,48,0,0,1.0,"[3,Alta C3,22728.65,0.05]|[4,Alta C4,1491.5,0.21]|[1,Alta C1,11437.34,0.14]"
Pintura,e1b36542-7f73-4ca0-bc10-92cb13469998,Rápido,179,25,0,0,"[3,Resistente Calidad C3,40214.96,0.2]"
MuroSeco,997865b2-01d1-41de-8740-58ff57ca1e3a,Calidad,46,0,1,1.78,"[4,Resistente Alta C4,23426.11,0.11]"
Pintura,ef48e1ee-3a80-41f9-897d-074775042ee7,Resistente Impermeable Duradero,220,15,0,0,"[1,Alta Calidad C1,11922.77,0.24]|[3,Alta Calidad C3,40202.03,0.13]|[5,Alta Calidad C5,13008.68,0.08]|[4,Alta Calidad C4,37334.41,0.15]"
Pintura,06f22e70-00cb-4a74-9e96-ce00614a1450,Rápido Secado Duradero,122,18,0,0,"[1,Alta Calidad C1,26589.01,0.23]|[2,Alta Calidad C2,5669.67,0.23]|[5,Alta Calidad C5,27773.68,0.08]|[4,Alta Calidad C4,19202.86,0.17]|[3,Alta Calidad C3,21702.45,0.04]"
Pintura,8e289d5b-b9b6-4c49-87cc-199dac2f985c,Alta Flexible,64,15,0,0,"[5,Calidad C5,48400.92,0.24]|[1,Calidad C1,17177.82,0.16]|[3,Calidad C3,6766.45,0.08]"
MuroSeco,6fa9cecb-a221-4b17-9cd1-972747009f5e,Calidad Impermeable,97,0,1,0.73,"[5,Resistente C5,9207.99,0.07]|[3,Resistente C3,37253.91,0.03]|[2,Resistente C2,12393.63,0.05]|[1,Resistente C1,43578.79,0.06]|[4,Resistente C4,25136.72,0.15]"
Pintura,cf478ee3-ae37-41f0-ace1-c01a1cfaffbf,Económico Rápido Secado Duradero,97,10,0,0,"[5,Calidad C5,19866.07,0.04]|[3,Calidad C3,4436.8,0.01]|[4,Calidad C4,20450.48,0.09]|[1,Calidad C1,29226.23,0.05]"
Pintura,a094bab7-f717-45f4-89a5-f26067e26606,Duradero Ligero,80,7,0,0,"[4,Calidad C4,49472.98,0.04]|[2,Calidad C2,11558.63,0.1]|[3,Calidad C3,1527.13,0.08]|[5,Calidad C5,5066.77,0.14]|[1,Calidad C1,12574.68,0.2]"
MuroSeco,b63844f4-f4ad-4216-8a12-b046ec63e651,Rápido Ligero,198,0,0,0.48,"[4,Alta Calidad C4,15370.11,0.2]"
MuroSeco,774e77b0-ce70-4851-a006-cb3dd9f60201,Resistente Alta Rápido Ligero,216,0,0,1.8,"[4,Resistente Alta C4,22332.06,0.17]"
Pintura,a509f17a-9702-41a5-bcc6-a15e59a261d9,Resistente Impermeable,90,8,0,0,"[5,Resistente C5,23179.09,0.23]"
MuroSeco,fb75f010-cb07-4311-a0b4-e6309d4677f9,Secado Resistente,221,0,0,1.04,"[1,Resistente Alta C1,15455.83,0.21]"
Pintura,4905764c-19d6-4582-a0be-b04717f3d1d7,Impermeable,203,22,0,0,"[2,Calidad Alta C2,28849.01,0.22]"
Pintura,e1190a5b-0920-466a-8738-39be031ed154,Duradero Flexible Calidad Alta,55,20,0,0,"[4,Alta Calidad C4,46471.12,0.21]|[1,Alta Calidad C1,28945.03,0.15]|[3,Alta Calidad C3,26587.65,0.08]|[5,Alta Calidad C5,10932.15,0.08]"
MuroSeco,105ea8df-fe32-4a8b-b481-1e9d19a92b80,Duradero Rápido,25,0,0,1.42,"[5,Calidad C5,24636.29,0.2]"
Pintura,266059b9-cda9-43c8-be68-c38e7b1a8386,Calidad Alta,102,5,0,0,"[4,Resistente C4,1262.61,0.18]|[5,Resistente C5,14033.57,0.2]|[2,Resistente C2,46242.17,0.07]|[1,Resistente C1,14027.61,0.18]"
Pintura,20177642-2837-4351-be29-76c0099632d2,Alta Calidad Impermeable Flexible,199,10,0,0,"[3,Alta C3,35643.15,0.09]|[5,Alta C5,28991.57,0.02]|[4,Alta C4,8653.59,0.09]|[1,Alta C1,29319.9,0.11]|[2,Alta C2,31228.07,0.21]"
Pintura,adcde3e3-8b5f-4c1d-84dc-b1d1eff87a6a,Rápido,229,14,0,0,"[2,Resistente C2,43128.42,0.21]|[1,Resistente C1,33822.25,0.01]"
Pintura,c0dec300-d293-4d77-aac4-2fdc36fb4585,Calidad,183,16,0,0,"[5,Calidad Alta C5,21476.7,0.16]|[1,Calidad Alta C1,11775.42,0.2]|[3,Calidad Alta C3,29234.17,0.2]|[2,Calidad Alta C2,37263.07,0.18]"
MuroSeco,9d4c1242-32c4-486c-8419-5124ae0dbf4c,Rápido Impermeable Secado Alta,190,0,0,1.67,"[1,Resistente Alta C1,43024.02,0.07]|[4,Resistente Alta C4,33866.78,0.08]|[5,Resistente Alta C5,19513.34,0.04]|[2,Resistente Alta C2,17065.06,0.01]"
MuroSeco,c940d853-ede4-46d9-b1ae-cdae433933cf,Ligero Impermeable Secado Alta,171,0,1,1.95,"[5,Alta Resistente C5,31199.3,0.07]|[2,Alta Resistente C2,30136.42,0.04]|[4,Alta Resistente C4,35875.5,0.16]"
MuroSeco,155361bc-db5b-4d79-bf43-f6cf246d5023,Impermeable Resistente Calidad Secado,205,0,1,1.27,"[1,Alta C1,36428.07,0.21]|[5,Alta C5,2350.67,0.19]|[2,Alta C2,9298.22,0.23]|[3,Alta C3,2555.13,0.22]"
MuroSeco,2786432b-86cc-4318-89d5-60528469b6da,Alta Económico Flexible Calidad,166,0,1,1.43,"[5,Calidad C5,32831.11,0.09]|[4,Calidad C4,4137.82,0.03]"
MuroSeco,ee76f193-e8aa-41f1-a627-cff154bddc68,Impermeable Ligero,37,0,1,0.79,"[2,Resistente Alta C2,33928.98,0.2]"
Pintura,8d63a07d-370f-4465-b74e-cf9a18ed6d07,Resistente Duradero,104,8,0,0,"[5,Calidad Alta C5,26731.61,0.22]|[4,Calidad Alta C4,16133.84,0.12]|[1,Calidad Alta C1,10547.16,0.06]|[3,Calidad Alta C3,14507.59,0.11]|[2,Calidad Alta C2,17995.31,0.18]"
MuroSeco,afac1ff2-10e0-4321-8401-be99390e5e06,Duradero,174,0,1,0.31,"[3,Alta Calidad C3,38523.91,0.18]|[1,Alta Calidad C1,22195.24,0.15]|[4,Alta Calidad C4,17741.43,0.02]|[2,Alta Calidad C2,21425.11,0.03]"
MuroSeco,462f8c99-663e-49bc-a279-b816b476c1e2,Impermeable,46,0,1,1.21,"[1,Resistente Calidad C1,27786.79,0.06]"
Pintura,07054bc4-8e34-4415-8142-e6a0b8bb555e,Impermeable Alta Rápido Flexible,164,5,0,0,"[5,Alta Calidad C5,6551.96,0.2]|[1,Alta Calidad C1,48557.58,0.17]|[2,Alta Calidad C2,19771.13,0.13]|[4,Alta Calidad C4,4781.45,0.15]|[3,Alta Calidad C3,7177.29,0.12]"
Pintura,7b29a95c-3e38-4c8e-9274-62a3e9d0a4d1,Económico,167,25,0,0,"[1,Calidad C1,18081.86,0.04]|[4,Calidad C4,48037.06,0.15]"
Pintura,aec34aab-3dc5-4285-aea4-50eb6295b041,Calidad Rápido Impermeable,151,22,0,0,"[2,Alta C2,4650.65,0.06]|[4,Alta C4,36186.22,0.1]|[5,Alta C5,15161.7,0.2]|[1,Alta C1,48544.09,0.21]|[3,Alta C3,1349.2,0.01]"
Pintura,c574ff07-25b5-4382-8e86-30264a1ff3ab,Calidad Económico,248,14,0,0,"[2,Alta C2,31738.46,0.05]|[3,Alta C3,43426.48,0.24]"
MuroSeco,ce66f1be-eb11-4d65-8f42-41082523b36e,Económico,149,0,0,1.91,"[2,Alta Calidad C2,36591.83,0.18]|[4,Alta Calidad C4,1806.8,0.14]|[3,Alta Calidad C3,37008.44,0.09]|[1,Alta Calidad C1,5577.91,0.08]|[5,Alta Calidad C5,3283.9,0.19]"
Pintura,b2d29f48-d272-4f74-b7c8-9585c797494a,Impermeable Secado Calidad Duradero Ligero,247,5,0,0,"[1,Alta C1,2955.26,0.16]|[2,Alta C2,5351.09,0.21]|[5,Alta C5,35079.32,0.07]"
MuroSeco,6ef3b646-3b17-491e-a0e4-a31b140fd936,Duradero Flexible Rápido,236,0,1,0.6,"[4,Resistente Calidad C4,15730.03,0.01]|[1,Resistente Calidad C1,48763.6,0.2]|[5,Resistente Calidad C5,29105.08,0.14]|[2,Resistente Calidad C2,23294.95,0.1]"
Pintura,d4346674-99c4-4cba-9521-62334cfeaff5,Alta Calidad Económico Rápido,185,15,0,0,"[4,Alta Resistente C4,49906.45,0.25]|[3,Alta Resistente C3,25109.68,0.13]|[5,Alta Resistente C5,31496.89,0.09]"
Pintura,524e630c-0b26-490b-9c89-e0f156ca2a05,Alta Ligero Secado,137,25,0,0,"[1,Calidad Alta C1,44901.89,0.07]|[5,Calidad Alta C5,12695.94,0.12]|[2,Calidad Alta C2,22553.72,0.14]|[3,Calidad Alta C3,1074.0,0.23]|[4,Calidad Alta C4,35975.95,0.15]"
MuroSeco,4c9ae5c1-6399-4076-ac17-68653fd0129f,Secado Alta Ligero Calidad,189,0,1,1.47,"[4,Alta C4,29866.95,0.21]|[3,Alta C3,41325.27,0.02]|[5,Alta C5,17420.83,0.14]|[1,Alta C1,2174.02,0.15]"
Pintura,3febd339-22e0-49d5-b63d-aec63b6b2aa9,Secado Impermeable Duradero Alta Resistente,94,25,0,0,"[2,Alta Calidad C2,31651.25,0.12]|[1,Alta Calidad C1,27535.32,0.18]|[3,Alta Calidad C3,24877.05,0.14]|[5,Alta Calidad C5,37926.97,0.23]"
Pintura,8d90d2ab-75f1-49b8-a19b-6e54fab24f7f,Alta Resistente Duradero,131,21,0,0,"[4,Resistente C4,21235.89,0.17]|[1,Resistente C1,18614.59,0.03]|[3,Resistente C3,13882.92,0.03]"
MuroSeco,606ccd53-8597-4800-a63d-72329832ae26,Resistente Secado Calidad,145,0,1,1.72,"[3,Alta C3,16689.28,0.11]|[1,Alta C1,23423.98,0.09]|[2,Alta C2,14083.46,0.02]"
Pintura,3a919d91-1ea3-49a1-9060-81eb35af87bf,Rápido,98,24,0,0,"[3,Resistente C3,7904.56,0.16]|[4,Resistente C4,2217.5,0.13]"
MuroSeco,4309c40f-0973-48bb-8617-a7e57f84996b,Alta Calidad Secado,192,0,0,1.31,"[1,Calidad C1,42490.38,0.06]|[3,Calidad C3,26289.49,0.25]"
MuroSeco,e10eca62-b35e-4f3e-91e7-9e44c60191ca,Secado Económico Alta,89,0,0,0.83,"[2,Alta C2,2797.43,0.09]|[5,Alta C5,8477.21,0.15]"
Pintura,6509c183-7041-486d-9f66-33aadd816ab8,Calidad,155,21,0,0,"[5,Alta Resistente C5,49069.74,0.07]|[1,Alta Resistente C1,7544.31,0.07]|[3,Alta Resistente C3,35996.72,0.2]"
MuroSeco,0b2102b0-d4cf-4e9f-80d3-f3349522d322,Económico Alta Calidad,53,0,0,1.06,"[2,Resistente Calidad C2,34952.7,0.22]|[4,Resistente Calidad C4,26499.56,0.21]"
Pintura,643aee4b-f161-4dc2-956e-6401acd39f1d,Económico Impermeable Ligero,123,10,0,0,"[1,Resistente C1,30912.19,0.15]|[3,Resistente C3,1490.65,0.05]"
Pintura,d84e13ae-4ab9-4468-9a8d-601a8a066c71,Ligero,41,5,0,0,"[3,Calidad C3,9375.2,0.19]|[4,Calidad C4,19816.71,0.11]|[5,Calidad C5,7190.45,0.11]|[2,Calidad C2,20066.48,0.21]|[1,Calidad C1,9936.8,0.18]"
Pintura,1903cc5c-6408-4818-bb9e-5fdbf9a7bf08,Alta Económico Secado Calidad Impermeable,241,11,0,0,"[1,Resistente Alta C1,31723.52,0.05]|[5,Resistente Alta C5,28249.24,0.04]|[4,Resistente Alta C4,43965.08,0.19]|[3,Resistente Alta C3,13089.4,0.04]|[2,Resistente Alta C2,48641.67,0.17]"
MuroSeco,19e67092-dd39-4b7e-a87a-286752c442fe,Calidad,45,0,0,1.17,"[2,Calidad Resistente C2,40691.35,0.05]|[1,Calidad Resistente C1,8111.32,0.19]|[4,Calidad Resistente C4,5456.9,0.05]|[3,Calidad Resistente C3,12804.7,0.03]|[5,Calidad Resistente C5,31637.38,0.24]"
MuroSeco,b5efb6c2-eb1d-4901-8e66-ea0112fb1e2d,Económico Secado,43,0,1,0.97,"[4,Resistente C4,21317.53,0.21]|[5,Resistente C5,7471.79,0.06]"
Pintura,07bf533d-b857-4ac2-a5f2-7f6f6bee0739,Flexible Calidad Rápido Económico,125,14,0,0,"[4,Calidad C4,12539.51,0.24]|[3,Calidad C3,35503.2,0.15]|[2,Calidad C2,2063.2,0.06]"
MuroSeco,ad5b9926-038a-451e-8c6e-a116f54ef6db,Ligero Flexible Calidad Alta Económico,211,0,0,1.15,"[5,Alta C5,2202.48,0.2]|[1,Alta C1,30557.29,0.25]|[2,Alta C2,48053.43,0.11]|[3,Alta C3,49130.31,0.05]|[4,Alta C4,32221.56,0.13]"
MuroSeco,464f5925-2657-4a82-82b9-bbb8d182675e,Alta,223,0,0,1.15,"[5,Calidad Resistente C5,46337.42,0.15]|[3,Calidad Resistente C3,8774.85,0.24]"
MuroSeco,19c94de6-820a-489e-a4fa-17ffacdba626,Impermeable,81,0,0,1.82,"[4,Resistente C4,5161.77,0.21]|[5,Resistente C5,15440.83,0.02]"
Pintura,f44da9de-f124-4c5f-8f3e-9cf4f5fd7388,Calidad,188,5,0,0,"[4,Alta C4,14405.87,0.15]|[2,Alta C2,28397.24,0.21]"
Pintura,b89f5941-15bf-4e74-a2c7-02ff426d8b94,Calidad Impermeable,137,7,0,0,"[5,Calidad Alta C5,36348.83,0.16]|[3,Calidad Alta C3,22742.51,0.02]"
Pintura,a55d4267-22ec-4e12-b36f-2a895e135da6,Duradero Ligero,115,8,0,0,"[5,Resistente Alta C5,5665.54,0.13]"
MuroSeco,f2c2a584-298e-47ad-8ac6-254727d22278,Flexible Resistente Ligero Duradero Impermeable,100,0,1,0.36,"[3,Calidad Resistente C3,16467.02,0.02]|[5,Calidad Resistente C5,12623.1,0.08]|[1,Calidad Resistente C1,37698.29,0.19]|[2,Calidad Resistente C2,11945.67,0.15]"
MuroSeco,f5aefa3c-75a1-410e-a582-b81705da2982,Alta Calidad,171,0,0,1.14,"[3,Alta C3,43154.23,0.19]|[4,Alta C4,45035.76,0.13]"
Pintura,49be84fa-7fd2-4b60-a8f4-07b891d8f0a8,Secado Calidad Duradero,128,10,0,0,"[1,Alta C1,35621.08,0.08]|[5,Alta C5,40513.75,0.06]|[2,Alta C2,24956.55,0.13]|[4,Alta C4,19441.43,0.15]|[3,Alta C3,16674.93,0.16]"
Pintura,e070922b-6d0b-44ec-88ad-491e651ea515,Flexible Ligero Alta,87,19,0,0,"[1,Alta Resistente C1,10506.04,0.24]|[4,Alta Resistente C4,4372.27,0.17]"
MuroSeco,97b7af69-4091-434a-8237-df83fa50dbd8,Secado Rápido Alta Calidad,87,0,1,0.92,"[3,Resistente C3,12153.43,0.18]"
MuroSeco,654c22ef-c527-4d32-a80c-1648cf327730,Ligero,123,0,1,1.7,"[5,Alta C5,27549.64,0.04]|[1,Alta C1,10839.44,0.19]"
Pintura,e3ae974a-41e7-45cd-9db5-bd02112f254e,Flexible Ligero,121,12,0,0,"[1,Alta C1,28310.33,0.19]|[5,Alta C5,41779.96,0.17]"
Pintura,a88caeb4-c362-46e4-925b-1023b1125ae1,Ligero Calidad Económico Resistente,25,9,0,0,"[3,Alta C3,6487.76,0.17]"
Pintura,cf205ca3-b870-46d5-acb9-572d2e3fd8d8,Rápido Resistente,162,7,0,0,"[2,Calidad Resistente C2,41031.43,0.08]"
Pintura,8af70f4a-8983-4bba-9730-a0389ba0271e,Impermeable Económico Secado Flexible Alta,235,14,0,0,"[5,Resistente C5,22654.11,0.16]|[4,Resistente C4,7218.19,0.18]"
Pintura,006e5d1a-6dc2-4a7a-b0a5-3b4aa8887155,Impermeable Duradero Calidad,228,22,0,0,"[1,Resistente Alta C1,26801.99,0.02]|[5,Resistente Alta C5,35447.35,0.21]"
Pintura,8f256023-e95f-4078-9e96-594edff0fa3b,Flexible Impermeable Duradero Alta Secado,192,20,0,0,"[1,Alta C1,27728.16,0.22]|[4,Alta C4,31464.63,0.15]"
MuroSeco,08417b8c-cdea-44c7-8935-1aa244f1d779,Económico Calidad Duradero Secado,151,0,0,1.04,"[2,Resistente Calidad C2,25204.3,0.06]|[1,Resistente Calidad C1,40573.85,0.03]|[3,Resistente Calidad C3,12450.2,0.2]|[4,Resistente Calidad C4,8293.86,0.02]"
MuroSeco,8862be67-2713-48b7-afdb-bde589c47d08,Ligero Flexible Impermeable,165,0,1,1.4,"[1,Alta Calidad C1,28511.64,0.15]|[4,Alta Calidad C4,43667.5,0.02]"
MuroSeco,53e43182-167d-4375-9fc9-0cb14ff7e29d,Alta Duradero,207,0,1,0.78,"[1,Alta C1,35879.18,0.12]"
MuroSeco,adaaea8d-c2b8-467c-92e1-e4675d08a24c,Duradero Ligero,84,0,0,1.88,"[3,Alta C3,34417.54,0.19]"
MuroSeco,d7a02e99-6957-4bb0-aac4-3379cb863185,Ligero Resistente Secado Rápido,51,0,1,0.88,"[3,Calidad C3,19354.55,0.23]|[5,Calidad C5,6845.29,0.24]"
Pintura,4423c68c-17ec-47f9-ba05-7d74d0775c26,Flexible Secado Duradero,192,6,0,0,"[4,Calidad C4,29547.45,0.21]|[1,Calidad C1,28964.3,0.21]"
MuroSeco,4dabb087-59b6-4c3d-9f74-f9f942d03d26,Calidad Flexible Ligero Resistente Impermeable,73,0,0,1.97,"[1,Resistente C1,30067.0,0.02]"
Pintura,6291ccfb-b18c-427b-9074-a9cefadaf144,Ligero,230,5,0,0,"[4,Calidad Resistente C4,37087.13,0.08]|[3,Calidad Resistente C3,16789.1,0.17]|[1,Calidad Resistente C1,46023.48,0.21]|[5,Calidad Resistente C5,4168.83,0.15]"
MuroSeco,3860c380-5a93-4a50-9c66-80777d5a1016,Resistente Duradero,109,0,1,1.28,"[5,Calidad C5,37554.96,0.16]|[1,Calidad C1,16550.62,0.25]"
Pintura,51c25047-ea45-401b-9210-cfb064486c12,Rápido Flexible Secado Ligero,160,10,0,0,"[4,Calidad C4,1505.04,0.07]|[2,Calidad C2,33788.49,0.07]"
Pintura,3fe2e098-2661-438a-9f93-f85a0e86a6e0,Impermeable Flexible Resistente Económico,125,9,0,0,"[4,Resistente C4,5443.95,0.07]|[2,Resistente C2,1748.84,0.03]|[1,Resistente C1,35939.82,0.24]|[5,Resistente C5,48582.01,0.07]|[3,Resistente C3,8438.94,0.23]"
MuroSeco,5f445682-2937-4df1-9137-6e4349f4399d,Calidad Secado Duradero Impermeable Ligero,98,0,1,1.89,"[2,Resistente C2,21747.69,0.04]"
MuroSeco,4a9dd7fd-6e09-4c3b-a68c-39919f2324de,Ligero,113,0,0,1.28,"[3,Alta C3,33826.51,0.21]|[5,Alta C5,31319.02,0.09]|[1,Alta C1,10713.58,0.12]|[4,Alta C4,31718.49,0.19]|[2,Alta C2,39830.38,0.03]"
MuroSeco,cf2a9a72-bc72-4e72-962e-5dff1af4d242,Duradero,71,0,0,1.32,"[5,Resistente Calidad C5,35829.88,0.25]|[4,Resistente Calidad C4,19878.8,0.17]|[2,Resistente Calidad C2,19497.17,0.02]|[1,Resistente Calidad C1,29223.96,0.11]"
MuroSeco,15cd69b0-2b3b-4235-87fb-6dae189ca23d,Económico Ligero,63,0,1,0.5,"[5,Calidad C5,8993.22,0.19]|[4,Calidad C4,18809.64,0.08]|[1,Calidad C1,10346.52,0.07]"
Pintura,dfe570b4-ac27-4f36-ba6d-e12bca6c5527,Duradero Rápido Calidad Alta Ligero,60,11,0,0,"[5,Alta Resistente C5,27816.7,0.02]"
Pintura,10877433-feb8-4eea-830d-8596ce14111d,Duradero Rápido,173,14,0,0,"[2,Resistente Calidad C2,40668.3,0.03]|[3,Resistente Calidad C3,15925.21,0.13]|[1,Resistente Calidad C1,36650.44,0.18]|[4,Resistente Calidad C4,44953.08,0.19]"
MuroSeco,ea4deca4-397c-4dab-a17e-0fbccb3a6c26,Secado Alta Resistente Calidad Rápido,209,0,0,0.59,"[4,Calidad Resistente C4,11833.21,0.05]|[2,Calidad Resistente C2,11997.04,0.06]"
MuroSeco,49924b41-99e7-4aa8-9ff3-628985e54e7a,Alta Flexible Calidad,182,0,0,1.08,"[4,Calidad Resistente C4,7963.63,0.06]|[2,Calidad Resistente C2,23610.75,0.14]|[3,Calidad Resistente C3,23589.02,0.15]"
MuroSeco,1c27dad1-8a08-4997-b640-9b94ba085da3,Flexible Secado Calidad Económico,102,0,0,0.35,"[5,Resistente C5,22825.5,0.11]|[1,Resistente C1,10752.73,0.13]"
MuroSeco,69d2348e-2a47-46e5-8b73-1497e5be4410,Impermeable Alta,213,0,1,1.7,"[1,Alta C1,34718.48,0.23]|[5,Alta C5,41369.93,0.09]|[3,Alta C3,42003.35,0.04]|[4,Alta C4,18844.35,0.11]"
MuroSeco,33709cf6-4f91-4d66-a311-6ec4b71c7494,Impermeable Resistente Calidad Duradero Flexible,138,0,0,1.75,"[2,Resistente C2,27694.06,0.24]|[5,Resistente C5,24957.23,0.07]"
MuroSeco,b11680a5-9585-4678-8b60-38a481da656e,Calidad Ligero Duradero,153,0,0,1.92,"[2,Alta Calidad C2,22500.03,0.1]|[1,Alta Calidad C1,26871.7,0.07]"
MuroSeco,ec0efc58-2179-444f-9002-608647f4b7eb,Flexible Secado Rápido Económico Ligero,96,0,0,0.98,"[4,Calidad Resistente C4,5120.33,0.19]|[3,Calidad Resistente C3,33484.49,0.02]|[5,Calidad Resistente C5,3288.44,0.2]|[2,Calidad Resistente C2,45264.08,0.19]|[1,Calidad Resistente C1,7301.16,0.09]"
MuroSeco,21e1da10-31fd-4fcb-b390-db63edd11b9b,Calidad Económico Alta Flexible Resistente,207,0,0,1.74,"[4,Alta C4,25195.14,0.23]"
Pintura,5864ab56-9f20-4b95-b4f4-65fd9eec3008,Económico Flexible Impermeable Ligero Resistente,213,6,0,0,"[3,Alta Calidad C3,22048.89,0.02]|[5,Alta Calidad C5,5081.5,0.24]"
MuroSeco,2df775e9-0b15-40a1-86ef-042bae70f01a,Calidad Flexible Alta Resistente,154,0,1,1.66,"[2,Resistente Alta C2,48495.48,0.08]"
Pintura,9b06756a-78e8-4170-8209-d710f5388631,Alta Ligero,227,14,0,0,"[4,Alta C4,14303.98,0.21]"
MuroSeco,c21c9e25-4970-46ec-857a-b93798a1b7de,Flexible Económico Secado Rápido Ligero,155,0,0,1.05,"[3,Calidad C3,13485.11,0.15]|[2,Calidad C2,26291.25,0.19]|[4,Calidad C4,47369.81,0.09]|[1,Calidad C1,28046.62,0.1]"
MuroSeco,f44af198-1c58-4604-bc4c-8b70f8deacad,Secado Resistente,93,0,1,1.87,"[4,Calidad C4,35814.8,0.02]|[1,Calidad C1,18160.61,0.23]|[5,Calidad C5,24425.57,0.14]|[3,Calidad C3,47011.4,0.1]|[2,Calidad C2,43389.31,0.15]"
MuroSeco,b824cb49-2d86-445d-bb81-f11b0988a34c,Ligero Resistente Flexible,193,0,0,1.12,"[2,Resistente C2,3581.89,0.14]|[4,Resistente C4,21444.65,0.06]"
Pintura,b7e25a81-19c2-4b00-af9d-9bb48f6ee8b5,Ligero,235,20,0,0,"[1,Alta C1,42911.0,0.25]|[2,Alta C2,35049.81,0.15]|[3,Alta C3,3404.41,0.12]|[4,Alta C4,4304.98,0.15]"
Pintura,95cd13b2-2602-461e-bc36-f911b36bdfa1,Duradero Ligero Impermeable Económico Rápido,236,20,0,0,"[3,Alta C3,38148.96,0.18]"
Pintura,7f384343-401f-4c91-bf28-c128b58c37cf,Económico Alta Resistente Calidad,193,21,0,0,"[3,Alta C3,48188.18,0.19]|[2,Alta C2,48274.96,0.17]|[5,Alta C5,14991.29,0.24]|[4,Alta C4,37188.28,0.07]|[1,Alta C1,39418.77,0.11]"
Pintura,352b5c4a-9afb-40c3-9b7b-0d26e5948e58,Alta Rápido Flexible Duradero Económico,249,15,0,0,"[5,Resistente Calidad C5,26303.56,0.01]|[2,Resistente Calidad C2,26328.54,0.15]|[1,Resistente Calidad C1,28732.25,0.14]|[4,Resistente Calidad C4,5259.88,0.12]|[3,Resistente Calidad C3,46114.9,0.08]"
Pintura,56c4fa0c-acf6-4340-ba00-84dc172d864d,Secado Calidad Ligero,136,23,0,0,"[3,Resistente C3,28351.8,0.08]|[4,Resistente C4,30257.1,0.15]|[1,Resistente C1,14984.16,0.23]"
Pintura,76e63440-8bc3-4196-b1ca-463c096b3820,Económico Rápido Impermeable,195,21,0,0,"[4,Resistente C4,45827.29,0.07]|[5,Resistente C5,24511.37,0.13]|[3,Resistente C3,26042.77,0.02]|[2,Resistente C2,34336.65,0.02]"
Pintura,079c4df6-4a39-4d6d-b53f-c895b891f60c,Impermeable,94,8,0,0,"[5,Resistente Alta C5,9682.57,0.03]|[1,Resistente Alta C1,19861.71,0.17]"
Pintura,e45e8148-c415-45cb-a5b9-c19678033f0a,Resistente Rápido,78,19,0,0,"[2,Alta C2,40421.4,0.2]|[1,Alta C1,22487.33,0.21]"
MuroSeco,59417fb6-406e-4721-8c58-7b66dda9c4a3,Económico Calidad Secado Rápido,88,0,0,0.86,"[2,Calidad C2,10061.92,0.25]|[4,Calidad C4,49602.16,0.24]|[3,Calidad C3,16293.61,0.06]|[5,Calidad C5,26003.53,0.15]"
MuroSeco,d5467331-96e5-4750-8d88-05f856fbe456,Resistente Calidad Duradero Económico,117,0,1,1.64,"[2,Calidad C2,49312.22,0.17]|[1,Calidad C1,11231.35,0.19]|[3,Calidad C3,12136.2,0.1]"
MuroSeco,992bc5b3-448b-49af-aa00-196f8289f849,Calidad Impermeable,107,0,1,0.9,"[5,Calidad C5,27163.48,0.15]|[1,Calidad C1,40805.86,0.05]|[4,Calidad C4,21580.7,0.12]|[3,Calidad C3,27002.81,0.17]|[2,Calidad C2,29312.98,0.09]"
MuroSeco,a3db19b6-ec16-41be-85f1-f107b7b8768f,Resistente Calidad,153,0,0,0.68,"[4,Calidad Alta C4,43955.59,0.14]|[1,Calidad Alta C1,36011.3,0.24]"
MuroSeco,188d2f9f-af9e-4027-baa9-34970a9466e3,Calidad,39,0,1,1.53,"[5,Resistente Alta C5,9558.49,0.14]|[3,Resistente Alta C3,49845.88,0.02]|[2,Resistente Alta C2,18090.93,0.08]"
Pintura,32ed78b3-a164-47f6-a38c-98b739d09ccb,Flexible Resistente Ligero Impermeable,150,25,0,0,"[5,Calidad C5,34955.31,0.06]|[2,Calidad C2,12780.86,0.07]|[4,Calidad C4,40431.16,0.18]|[3,Calidad C3,28302.64,0.09]"
MuroSeco,42f1747c-6036-4ec5-a0fe-7c795821c476,Ligero,141,0,1,0.63,"[2,Calidad C2,21199.49,0.24]|[5,Calidad C5,5658.78,0.22]|[3,Calidad C3,46726.57,0.24]|[1,Calidad C1,17613.36,0.09]"
Pintura,18fd92aa-c1fe-4d4f-91c4-9e664859b2f7,Económico Duradero Alta Impermeable Flexible,230,25,0,0,"[3,Alta C3,2350.79,0.23]|[2,Alta C2,28115.06,0.19]|[4,Alta C4,6033.91,0.19]|[5,Alta C5,49794.89,0.03]|[1,Alta C1,49747.62,0.22]"
MuroSeco,823803e2-8a04-4493-ad86-b3fad0bff84c,Calidad,50,0,1,1.04,"[2,Alta Calidad C2,4103.83,0.15]"
MuroSeco,cf41edb5-a104-4dfd-9404-411bed2f1349,Secado Duradero Flexible Resistente,47,0,0,1.98,"[2,Alta C2,7524.22,0.13]"
Pintura,cb1144a5-097f-49d2-8ff8-337b1958568f,Flexible Ligero Alta Resistente,92,8,0,0,"[3,Alta Resistente C3,27944.49,0.05]|[5,Alta Resistente C5,42198.4,0.04]|[2,Alta Resistente C2,23128.04,0.24]"
MuroSeco,33333972-e97a-4065-befe-67190e79da47,Duradero,143,0,0,1.08,"[2,Alta C2,8115.35,0.01]"
Pintura,a9c09b76-537e-4291-a201-7fc460ddf709,Económico,185,9,0,0,"[3,Calidad Resistente C3,33935.26,0.06]"
Pintura,e526a940-7b1a-4b2a-8d08-db87ca007090,Calidad Resistente Rápido Duradero,101,14,0,0,"[4,Calidad Resistente C4,31252.19,0.07]|[3,Calidad Resistente C3,38806.89,0.07]|[2,Calidad Resistente C2,9558.48,0.14]"
Pintura,dced55ec-896d-4ee9-8943-c39a73c83d75,Impermeable Económico Rápido Alta,72,19,0,0,"[3,Alta Calidad C3,14981.34,0.22]|[2,Alta Calidad C2,15449.47,0.13]|[5,Alta Calidad C5,5216.47,0.16]"
MuroSeco,54b103e0-278d-498b-9405-dcbf09616791,Calidad Ligero Impermeable,152,0,1,0.96,"[1,Alta Calidad C1,30315.94,0.18]|[2,Alta Calidad C2,18144.85,0.16]|[5,Alta Calidad C5,47148.99,0.03]"
MuroSeco,0e323d6e-6c83-43f7-85ce-4d8ef6afbc4b,Económico Alta,100,0,1,1.56,"[2,Alta C2,40186.83,0.06]|[5,Alta C5,15710.47,0.23]|[4,Alta C4,39315.3,0.14]|[3,Alta C3,24545.24,0.09]|[1,Alta C1,16127.77,0.21]"
MuroSeco,f4ed9fd8-fee0-4abd-8ebf-71591468f01a,Alta Calidad Flexible,189,0,1,0.37,"[3,Alta C3,37183.14,0.21]|[4,Alta C4,1959.94,0.24]"
Pintura,870838a5-d0aa-47a2-8dc4-762194169163,Secado Rápido Alta Económico,50,7,0,0,"[1,Calidad Alta C1,1562.8,0.09]|[4,Calidad Alta C4,36300.84,0.15]|[3,Calidad Alta C3,46262.29,0.05]|[5,Calidad Alta C5,41172.54,0.2]|[2,Calidad Alta C2,5917.27,0.08]"
Pintura,f1046c66-10c3-4267-9a7c-e0944d2cb8f7,Rápido Impermeable Económico Alta Resistente,221,8,0,0,"[2,Calidad Alta C2,13767.92,0.2]|[5,Calidad Alta C5,14297.93,0.09]|[3,Calidad Alta C3,43848.95,0.13]|[1,Calidad Alta C1,3791.84,0.06]"
MuroSeco,451b76b0-dc61-4765-a420-43f349cf7714,Impermeable Económico Flexible Secado,119,0,0,1.14,"[5,Resistente Alta C5,34568.72,0.03]|[3,Resistente Alta C3,26310.98,0.09]"
Pintura,86bcbc4d-b67f-4afe-851a-c0b866104dfb,Impermeable Secado Económico Duradero Alta,227,22,0,0,"[3,Resistente Calidad C3,4065.85,0.14]|[4,Resistente Calidad C4,9997.8,0.22]|[1,Resistente Calidad C1,32210.54,0.06]|[5,Resistente Calidad C5,31443.65,0.25]"
Pintura,745762cc-e483-4f00-9fe8-3b7be40f2d92,Impermeable Secado Ligero Rápido,152,8,0,0,"[1,Resistente Alta C1,36628.91,0.06]|[4,Resistente Alta C4,1422.24,0.06]|[2,Resistente Alta C2,39482.04,0.18]|[5,Resistente Alta C5,44258.5,0.22]"
MuroSeco,68ca66db-420c-44a6-8208-daee5c7b4bcd,Resistente Económico Impermeable,237,0,0,0.63,"[5,Resistente Alta C5,43293.18,0.24]|[3,Resistente Alta C3,27587.58,0.04]|[4,Resistente Alta C4,27949.68,0.18]"
Pintura,29a9670a-b691-4703-8074-58333ff7850c,Económico Flexible Impermeable Ligero Calidad,195,11,0,0,"[3,Calidad Resistente C3,37171.08,0.13]|[5,Calidad Resistente C5,35773.81,0.15]|[4,Calidad Resistente C4,16115.67,0.18]"
Pintura,7ee4dd03-1020-4ce5-bd30-642875a81112,Ligero Rápido Flexible Duradero,64,22,0,0,"[5,Alta Calidad C5,19427.97,0.07]|[1,Alta Calidad C1,39113.09,0.15]|[2,Alta Calidad C2,17544.27,0.02]|[3,Alta Calidad C3,49385.82,0.13]"
Pintura,200fc506-36bb-445f-bbaf-389e357f0e61,Económico Duradero Alta Impermeable,188,9,0,0,"[4,Resistente Alta C4,31820.87,0.03]"
Pintura,aa9d3ba8-18fc-4eb0-becb-4d3873613d78,Económico Secado Calidad Alta Resistente,194,25,0,0,"[3,Alta Calidad C3,26929.71,0.14]|[5,Alta Calidad C5,1706.92,0.03]"
Pintura,24b8e503-f7e2-4ef8-b589-d1b04962c447,Calidad Impermeable Secado,143,6,0,0,"[1,Resistente C1,48015.41,0.24]|[3,Resistente C3,12672.8,0.11]|[4,Resistente C4,15239.41,0.24]|[5,Resistente C5,9824.25,0.11]"
Pintura,5aa3b74e-f9a9-4a83-9bda-fde271bec80a,Resistente Rápido Secado,223,20,0,0,"[2,Calidad Resistente C2,30070.5,0.04]|[4,Calidad Resistente C4,45448.45,0.25]|[1,Calidad Resistente C1,2766.07,0.14]"
Pintura,62f8950c-1471-48ac-bc04-899b60f97c29,Ligero,109,10,0,0,"[5,Resistente C5,19441.9,0.03]"
Pintura,1fa47c3d-3b4c-4cfe-8e1b-22aecbf7cbf3,Alta Duradero Rápido Flexible Resistente,59,5,0,0,"[3,Calidad C3,28270.28,0.02]"
MuroSeco,983c9999-0ba5-472b-92a2-c3d082bc3522,Ligero Calidad Flexible,95,0,1,0.76,"[5,Resistente Alta C5,17755.61,0.05]"
Pintura,83f0be10-29a7-48e2-bb27-377a7da57854,Flexible Alta Secado Duradero Calidad,150,11,0,0,"[3,Calidad C3,48025.87,0.25]|[5,Calidad C5,20330.86,0.23]"
Pintura,b18fa251-2a1f-4409-a5ae-1a8b041c255c,Económico Secado Duradero,76,12,0,0,"[2,Resistente Calidad C2,7921.13,0.02]|[3,Resistente Calidad C3,19422.11,0.09]"
Pintura,542d666a-bd65-41a0-b598-788cb5ca897d,Flexible,96,7,0,0,"[3,Alta Resistente C3,3624.67,0.17]"
MuroSeco,1d35c373-291b-4244-93fc-68780260160f,Rápido Alta Ligero,97,0,1,1.93,"[3,Resistente Calidad C3,37459.56,0.2]|[2,Resistente Calidad C2,41310.13,0.21]|[4,Resistente Calidad C4,8547.85,0.08]"
Pintura,37ac19c6-445b-47e1-8377-2a5d14e23fa2,Resistente Secado Ligero,148,24,0,0,"[1,Alta C1,23782.82,0.19]|[2,Alta C2,46041.35,0.05]|[3,Alta C3,4312.4,0.25]|[5,Alta C5,3358.18,0.15]|[4,Alta C4,23314.71,0.12]"
Pintura,65f7d3bf-44f0-44eb-aef7-323b363b0124,Económico Impermeable Secado Resistente Rápido,159,18,0,0,"[5,Alta C5,8007.56,0.1]"
Pintura,65a56dec-7e63-41f6-af30-b970457e49a3,Resistente Rápido Impermeable,172,19,0,0,"[4,Calidad C4,5019.23,0.14]|[5,Calidad C5,19493.49,0.23]|[2,Calidad C2,2283.64,0.1]|[3,Calidad C3,43978.51,0.22]"
MuroSeco,e30b41f7-5327-446a-98ef-4b5f603665fb,Rápido,172,0,0,1.24,"[3,Resistente Calidad C3,16928.93,0.23]|[5,Resistente Calidad C5,27153.01,0.09]|[4,Resistente Calidad C4,24596.95,0.21]"
Pintura,a07717a9-a87c-4b97-8f72-8898a1c317e8,Resistente Flexible Rápido,144,10,0,0,"[1,Calidad C1,6954.04,0.13]|[3,Calidad C3,42327.05,0.04]|[5,Calidad C5,41366.85,0.15]|[2,Calidad C2,36453.02,0.23]|[4,Calidad C4,49152.03,0.02]"
Pintura,cce113e1-555b-4bf6-80ae-b3a38bdf8320,Secado Ligero Duradero Resistente Rápido,122,20,0,0,"[3,Alta C3,13400.87,0.21]|[4,Alta C4,10375.72,0.09]|[1,Alta C1,15304.68,0.1]"
Pintura,9e120ae4-268d-41cb-b143-ca84aa431773,Duradero Ligero Calidad Flexible,187,18,0,0,"[1,Calidad C1,8566.84,0.1]|[3,Calidad C3,8087.18,0.1]|[2,Calidad C2,22268.32,0.21]"
MuroSeco,c95f156c-3414-44ed-b42a-430985ca9076,Calidad Alta,193,0,0,0.73,"[5,Resistente Alta C5,43753.64,0.16]|[4,Resistente Alta C4,29695.04,0.11]|[3,Resistente Alta C3,16352.42,0.06]|[2,Resistente Alta C2,21017.95,0.18]|[1,Resistente Alta C1,11998.26,0.02]"
MuroSeco,96362889-c3a0-4dc0-b703-dedf785880ee,Alta Secado Calidad Flexible,111,0,1,0.72,"[2,Alta Calidad C2,22292.73,0.16]|[1,Alta Calidad C1,39102.04,0.1]|[5,Alta Calidad C5,24817.88,0.04]"
Pintura,7d1080ca-25c4-46ba-b4c0-78b58150e35b,Calidad Flexible,159,22,0,0,"[5,Calidad Resistente C5,14725.62,0.12]|[2,Calidad Resistente C2,17882.28,0.24]|[4,Calidad Resistente C4,13282.84,0.11]"
Pintura,6711a392-b398-47f3-a445-fd51c850bd12,Secado Calidad Alta Económico Rápido,100,9,0,0,"[2,Alta Calidad C2,45329.91,0.25]|[3,Alta Calidad C3,5136.24,0.09]|[1,Alta Calidad C1,23871.78,0.19]"
MuroSeco,c9484cc8-6a28-4855-a5ab-a4e3a7a09635,Económico Secado,179,0,0,0.56,"[5,Calidad Resistente C5,26442.6,0.03]|[4,Calidad Resistente C4,40423.47,0.03]|[1,Calidad Resistente C1,11440.04,0.11]|[3,Calidad Resistente C3,25272.35,0.05]|[2,Calidad Resistente C2,9013.11,0.14]"
Pintura,08291b15-5ea2-4ad9-a960-0403bd983e4e,Ligero,93,8,0,0,"[2,Calidad C2,29218.01,0.09]|[3,Calidad C3,3217.46,0.16]"
MuroSeco,92c57fe4-00c4-4399-9c58-cbfb49de34e7,Calidad Impermeable Económico Secado,104,0,0,1.41,"[4,Resistente C4,28343.1,0.11]|[3,Resistente C3,35005.97,0.17]"
MuroSeco,8321e779-05ac-4791-85a8-29af539976bc,Calidad,61,0,1,1.99,"[2,Calidad Alta C2,25277.47,0.07]|[1,Calidad Alta C1,37452.0,0.03]|[4,Calidad Alta C4,9059.44,0.09]|[5,Calidad Alta C5,40881.53,0.19]"
Pintura,1626fb9c-6f09-4f87-b33e-c2d5a1b2b7e3,Flexible Ligero,92,25,0,0,"[2,Resistente Alta C2,43325.83,0.03]|[4,Resistente Alta C4,15323.45,0.25]|[3,Resistente Alta C3,5245.21,0.12]|[5,Resistente Alta C5,24947.67,0.22]"
Pintura,8ad2b0e3-e632-4df2-916b-2c46fc0f7076,Rápido Flexible Alta,156,23,0,0,"[5,Alta C5,48352.41,0.09]"
MuroSeco,26c2a4a4-ca39-40e5-bcbf-3ae57b044852,Resistente Ligero Alta Duradero Secado,122,0,1,1.42,"[2,Resistente Calidad C2,29282.26,0.02]|[4,Resistente Calidad C4,8438.61,0.03]"
Pintura,03276de4-3aba-4b9a-a263-6abb4392b2f0,Duradero Económico Impermeable Flexible Calidad,149,25,0,0,"[4,Calidad C4,4000.85,0.12]|[5,Calidad C5,32129.74,0.18]|[2,Calidad C2,39048.89,0.17]|[3,Calidad C3,41402.04,0.24]|[1,Calidad C1,41145.13,0.06]"
MuroSeco,09885f0b-6afb-4d5e-9d55-05c0e88440ef,Impermeable Económico Secado,224,0,0,0.71,"[2,Alta Resistente C2,11145.14,0.12]|[3,Alta Resistente C3,22488.39,0.12]"
Pintura,5e49082b-4f35-4ebc-8ad0-abe2726e31c9,Flexible Secado Resistente,58,21,0,0,"[3,Alta Calidad C3,39860.02,0.12]"
Pintura,67e8f9f8-28fb-472b-bd66-2ffc735452b9,Calidad Impermeable Ligero,96,20,0,0,"[1,Resistente Calidad C1,48134.29,0.12]|[3,Resistente Calidad C3,32137.64,0.01]|[5,Resistente Calidad C5,39314.78,0.15]|[2,Resistente Calidad C2,2433.47,0.22]|[4,Resistente Calidad C4,13891.9,0.1]"
Pintura,48760863-6188-4ff4-92fc-926543d04ee1,Alta Secado,223,17,0,0,"[5,Calidad C5,13832.21,0.19]"
Pintura,a67e9348-ab6e-47ed-974e-74841fd9f93e,Secado Alta Resistente Económico Rápido,228,18,0,0,"[5,Calidad C5,21884.59,0.24]"
MuroSeco,647bee17-4e1e-44e1-8bb6-a526e34f0fae,Resistente Alta Rápido,90,0,1,0.54,"[4,Alta C4,34399.68,0.09]|[1,Alta C1,40078.01,0.06]|[2,Alta C2,41413.41,0.03]|[5,Alta C5,20518.52,0.24]|[3,Alta C3,40639.68,0.23]"
Pintura,b6c2a635-3297-4f33-b7af-310433c4cb6a,Secado,31,6,0,0,"[2,Resistente Calidad C2,28031.96,0.19]|[3,Resistente Calidad C3,23381.81,0.14]"
MuroSeco,86e80275-cc75-4598-85df-9c179c17246a,Duradero Económico,115,0,0,1.14,"[4,Alta Calidad C4,2978.08,0.1]|[3,Alta Calidad C3,3160.84,0.23]|[2,Alta Calidad C2,22749.92,0.07]|[1,Alta Calidad C1,24989.79,0.22]|[5,Alta Calidad C5,6312.6,0.17]"
MuroSeco,36c4fccd-4546-435e-a37b-81958a38ef6f,Ligero Flexible Impermeable Resistente,198,0,1,0.65,"[1,Resistente C1,28354.38,0.22]|[5,Resistente C5,43470.46,0.18]|[2,Resistente C2,8357.0,0.17]"
Pintura,fc8950fa-dfc1-47e3-a845-19c8bfe7c4c9,Impermeable Resistente Secado Económico Duradero,177,24,0,0,"[4,Calidad C4,22363.68,0.1]|[1,Calidad C1,40477.2,0.03]|[2,Calidad C2,30026.61,0.15]|[3,Calidad C3,27009.54,0.09]|[5,Calidad C5,25800.52,0.07]"
MuroSeco,684f1556-a5d7-4bf7-8ac5-5d1bc8b1e5a5,Calidad,94,0,1,1.79,"[2,Calidad Resistente C2,37155.4,0.08]|[5,Calidad Resistente C5,1270.84,0.08]|[4,Calidad Resistente C4,35384.2,0.05]|[3,Calidad Resistente C3,20600.3,0.16]|[1,Calidad Resistente C1,13540.29,0.17]"
Pintura,95b1fb99-6cac-44d1-9724-5a90aef4e390,Secado Impermeable,60,20,0,0,"[2,Resistente Calidad C2,5465.41,0.13]"
Pintura,3b64b0a2-b731-40fa-b4dc-e6e4e716f22a,Ligero Económico Impermeable Flexible Alta,126,10,0,0,"[4,Alta Resistente C4,43019.4,0.21]"
MuroSeco,93fb9f68-21e9-4d38-a77b-c8b801436405,Calidad Impermeable Flexible Alta Económico,158,0,1,0.38,"[5,Alta C5,26016.79,0.03]|[3,Alta C3,6835.14,0.02]|[2,Alta C2,35195.34,0.24]"
MuroSeco,cfd240a0-055e-41e4-8b9e-e116fbb0a34b,Ligero,146,0,0,1.73,"[1,Resistente C1,27024.58,0.16]"
Pintura,f403c18c-b4b8-495d-90c1-8578e23ea3f0,Económico Impermeable,43,14,0,0,"[1,Resistente Calidad C1,42569.35,0.12]|[3,Resistente Calidad C3,9549.32,0.03]|[5,Resistente Calidad C5,44576.56,0.21]"
Pintura,8aadabfa-c821-4a30-ab16-6297da69ab2b,Resistente Rápido,27,6,0,0,"[3,Alta Calidad C3,15722.7,0.13]"
Pintura,c78cf804-331e-4e92-b556-63894d558e70,Rápido Duradero Resistente Secado Alta,104,25,0,0,"[3,Resistente C3,41823.37,0.14]|[4,Resistente C4,18022.25,0.24]|[2,Resistente C2,32247.32,0.13]|[1,Resistente C1,23981.94,0.06]"
MuroSeco,ea664955-846e-47a1-b83f-2ef6fa6813ce,Resistente Rápido Secado,223,0,1,0.81,"[1,Resistente Calidad C1,37195.41,0.03]|[3,Resistente Calidad C3,23977.18,0.24]"
MuroSeco,57db176c-7d8d-4418-a032-dca8799c710b,Económico Flexible Impermeable Alta,28,0,1,0.95,"[1,Resistente C1,27740.35,0.2]|[2,Resistente C2,23165.94,0.09]|[3,Resistente C3,24715.33,0.02]|[5,Resistente C5,21127.68,0.09]"
Pintura,c13da124-7ee1-455b-acbf-42ad7907197b,Duradero Resistente Ligero Secado Alta,145,21,0,0,"[3,Resistente C3,49237.09,0.15]|[5,Resistente C5,29857.72,0.12]|[1,Resistente C1,6751.69,0.14]|[2,Resistente C2,6386.81,0.09]|[4,Resistente C4,6277.05,0.07]"
MuroSeco,41103c3f-9125-4f7d-8389-501f1371de53,Calidad,100,0,1,1.96,"[1,Alta Resistente C1,18666.34,0.23]|[5,Alta Resistente C5,11529.75,0.21]"
Pintura,197903ed-7a36-4371-917a-8c315d0c1f6d,Ligero,176,10,0,0,"[2,Resistente Calidad C2,49846.27,0.18]|[3,Resistente Calidad C3,16772.28,0.14]"
Pintura,4e0d990f-02a4-4eca-8b9d-65f9d70eed1b,Impermeable,50,5,0,0,"[5,Calidad C5,42580.12,0.06]|[2,Calidad C2,41113.77,0.24]|[4,Calidad C4,35043.33,0.19]|[3,Calidad C3,24247.39,0.03]|[1,Calidad C1,30950.95,0.13]"
Pintura,70ffa45d-0d8b-45a6-9ca5-aef57cd03fa5,Duradero Resistente Flexible Económico,226,7,0,0,"[1,Alta Calidad C1,36219.78,0.11]"
Pintura,1c99f61a-b0d4-446e-a3ec-ee5b0cd002ba,Ligero Resistente Duradero Alta Flexible,225,17,0,0,"[1,Resistente C1,45762.57,0.09]|[2,Resistente C2,14052.29,0.22]|[5,Resistente C5,23803.87,0.12]|[3,Resistente C3,30972.53,0.16]|[4,Resistente C4,16983.14,0.14]"
Pintura,eae6cea3-e1d1-4284-ae72-71dcba0c7296,Rápido Ligero Flexible,74,14,0,0,"[3,Resistente Calidad C3,42244.19,0.04]|[2,Resistente Calidad C2,7094.87,0.04]|[4,Resistente Calidad C4,15847.58,0.09]"
Pintura,5aade76e-4b9b-4e9e-b2b0-41aba5a9d487,Calidad Ligero Secado Flexible,250,14,0,0,"[3,Resistente C3,30245.96,0.25]|[2,Resistente C2,10336.87,0.06]|[4,Resistente C4,22628.67,0.13]"
Pintura,d7685c4b-c621-4819-a752-2bdf9bd01dfb,Impermeable Ligero Económico,47,23,0,0,"[5,Resistente Alta C5,4264.54,0.13]|[3,Resistente Alta C3,39715.83,0.11]|[1,Resistente Alta C1,45326.42,0.07]|[4,Resistente Alta C4,48091.68,0.24]|[2,Resistente Alta C2,13874.59,0.16]"
MuroSeco,445c9357-bb72-4365-bf52-b2dd564c587d,Económico Calidad Resistente Alta,178,0,0,0.55,"[3,Resistente C3,7051.37,0.09]|[5,Resistente C5,18790.04,0.15]|[1,Resistente C1,8253.91,0.17]|[4,Resistente C4,49930.02,0.09]"
MuroSeco,b0a761fb-eab9-42b1-b468-94d677ef76c4,Resistente Flexible Económico Rápido Secado,228,0,0,1.38,"[3,Alta C3,15003.05,0.16]|[2,Alta C2,20879.75,0.15]"
Pintura,8b4d99b9-e492-48b4-b165-38a81bdd337b,Flexible Calidad Duradero Alta,231,14,0,0,"[3,Resistente C3,34128.46,0.09]|[5,Resistente C5,44521.46,0.09]"
Pintura,b7e9eb50-e428-4cce-ab7d-80ccbedc8d89,Flexible Impermeable,161,11,0,0,"[4,Calidad C4,31245.54,0.12]|[1,Calidad C1,43386.11,0.05]"
MuroSeco,42a0076d-a949-45f3-96f9-c3c7529e002f,Ligero Flexible Impermeable Duradero Secado,101,0,0,0.89,"[3,Resistente C3,29505.79,0.24]"
MuroSeco,38581e94-83f1-4697-8937-1d797ed9b61c,Alta Calidad Duradero Impermeable Resistente,51,0,0,1.99,"[4,Calidad C4,14683.66,0.12]"
Pintura,ba3fd9cb-2ca1-44a5-b845-5d27aa11ca25,Impermeable Ligero,225,18,0,0,"[4,Resistente Alta C4,35500.05,0.2]|[1,Resistente Alta C1,36498.65,0.14]|[2,Resistente Alta C2,26519.66,0.21]|[5,Resistente Alta C5,4100.69,0.16]"
Pintura,6a09de03-d1bf-447f-8cac-7709c8faf963,Calidad Alta Secado Impermeable,106,16,0,0,"[3,Alta Resistente C3,43210.9,0.07]|[4,Alta Resistente C4,43803.71,0.1]|[5,Alta Resistente C5,9774.25,0.03]|[2,Alta Resistente C2,42244.17,0.24]"
MuroSeco,b2882acd-10d1-4763-87a4-78dcb2ba0b49,Resistente Flexible Alta,27,0,0,1.69,"[3,Resistente Alta C3,28051.49,0.17]|[1,Resistente Alta C1,7813.71,0.13]|[4,Resistente Alta C4,18960.54,0.18]|[2,Resistente Alta C2,38754.94,0.18]|[5,Resistente Alta C5,39753.73,0.14]"
Pintura,e7f9c270-1eb3-4907-89c1-c4518df631e0,Ligero Secado Duradero,223,6,0,0,"[2,Alta Resistente C2,42405.75,0.08]|[1,Alta Resistente C1,27380.73,0.15]|[4,Alta Resistente C4,26658.45,0.13]|[5,Alta Resistente C5,5181.39,0.23]"
Pintura,c47a1ff8-4014-4391-8087-8e064a891975,Flexible Económico,120,24,0,0,"[2,Resistente C2,10874.79,0.23]|[3,Resistente C3,31590.56,0.19]|[5,Resistente C5,35991.57,0.04]"
MuroSeco,453ae7f8-a409-425f-bce9-6a0d828db856,Duradero Secado Impermeable,242,0,0,1.14,"[4,Resistente C4,44488.82,0.14]|[3,Resistente C3,7665.03,0.03]"
Pintura,9f22ab48-5254-4162-b744-f922986b45a5,Alta,229,24,0,0,"[3,Alta C3,12879.79,0.24]|[4,Alta C4,23572.69,0.1]|[5,Alta C5,24704.23,0.17]"
Pintura,6be0a737-7c1e-4dca-a039-7a7bdbf04793,Alta Resistente Rápido,248,6,0,0,"[2,Calidad C2,24683.23,0.12]"
Pintura,ef0133b2-da5c-4ba3-a5ec-ceecfdf00a6c,Flexible Ligero Alta,188,17,0,0,"[5,Alta C5,49305.62,0.18]|[4,Alta C4,47795.36,0.13]|[3,Alta C3,8161.82,0.21]|[2,Alta C2,3965.58,0.18]"
Pintura,29954489-1e67-414c-9d2a-bfb682ee9552,Económico Rápido Secado,32,6,0,0,"[2,Alta C2,39849.43,0.19]|[3,Alta C3,14688.75,0.1]"
Pintura,7cc0577c-ffd5-4377-816d-69c0a482c953,Duradero Resistente Ligero Impermeable,214,25,0,0,"[3,Calidad Alta C3,29693.68,0.15]|[1,Calidad Alta C1,17278.83,0.25]|[2,Calidad Alta C2,49037.81,0.08]|[5,Calidad Alta C5,15393.02,0.22]|[4,Calidad Alta C4,29474.39,0.03]"
Pintura,26d203c7-9fc0-46e3-bb99-030a266dfdc9,Económico Flexible Secado Resistente Calidad,207,22,0,0,"[4,Resistente Calidad C4,3741.7,0.1]|[1,Resistente Calidad C1,2638.15,0.02]|[5,Resistente Calidad C5,12255.77,0.08]|[3,Resistente Calidad C3,36729.17,0.14]"
Pintura,e800f191-ed55-4649-9806-dac6afb7ece9,Económico Flexible,125,9,0,0,"[1,Resistente C1,34784.83,0.19]|[4,Resistente C4,11072.97,0.05]|[2,Resistente C2,7600.25,0.16]"
Pintura,ce9c1147-534e-44f0-9218-94e2b8734aa3,Calidad,216,9,0,0,"[5,Calidad C5,31171.14,0.02]"
MuroSeco,1af0fac1-3b11-48da-b6da-b25ceab3c016,Calidad Resistente Flexible Alta Rápido,236,0,1,2.0,"[5,Calidad Alta C5,31284.37,0.04]|[1,Calidad Alta C1,1751.78,0.11]|[3,Calidad Alta C3,12578.65,0.2]|[2,Calidad Alta C2,39763.92,0.2]"
Pintura,cf592714-9cb5-4255-bf58-e27dec4c64e5,Alta Resistente Secado Impermeable Flexible,158,21,0,0,"[3,Alta C3,48883.67,0.24]|[2,Alta C2,27966.99,0.23]|[4,Alta C4,10758.92,0.19]|[1,Alta C1,25973.79,0.19]|[5,Alta C5,40671.9,0.21]"
MuroSeco,e9ebbbdf-b3ce-44d9-8032-6561761f9ec9,Impermeable Rápido Secado,132,0,0,1.47,"[3,Resistente C3,43191.42,0.11]"
Pintura,a52d8b50-2476-4370-83c0-16ae8a4d8930,Impermeable Calidad,115,21,0,0,"[5,Resistente Calidad C5,8722.15,0.08]|[3,Resistente Calidad C3,13004.74,0.24]|[4,Resistente Calidad C4,2061.32,0.03]"
MuroSeco,679d6853-dbc5-47d5-8adc-7a350bdfe2f6,Duradero Secado Flexible,112,0,1,1.68,"[2,Alta Calidad C2,5178.87,0.06]|[3,Alta Calidad C3,38651.01,0.03]|[5,Alta Calidad C5,4487.01,0.17]"
Pintura,7a6e04f6-f78c-4587-a763-0b2897ab47b1,Alta Rápido Ligero Económico Calidad,160,9,0,0,"[3,Alta C3,44096.22,0.07]|[2,Alta C2,7401.69,0.15]|[5,Alta C5,30412.12,0.21]|[1,Alta C1,43641.81,0.15]|[4,Alta C4,5323.11,0.1]"
Pintura,222d343d-a049-4785-9937-605dc2e29e46,Rápido Resistente Ligero,36,20,0,0,"[3,Calidad C3,21665.07,0.21]|[1,Calidad C1,20030.28,0.13]|[5,Calidad C5,13290.77,0.1]|[2,Calidad C2,26420.25,0.24]|[4,Calidad C4,42349.77,0.09]"
MuroSeco,2e8decec-1ddb-4521-bffc-29733c39bf4f,Ligero Secado Alta Rápido Calidad,224,0,0,2.0,"[1,Calidad C1,32570.88,0.03]|[4,Calidad C4,45261.47,0.22]"
Pintura,d1ba18b5-0649-4004-b148-72af0649c923,Rápido Ligero Calidad Económico Alta,82,15,0,0,"[5,Alta C5,41275.09,0.17]|[4,Alta C4,21937.26,0.2]"
Pintura,db490961-7936-4d29-bb93-5c876980ff65,Calidad Ligero Impermeable,179,5,0,0,"[5,Alta Calidad C5,40866.03,0.08]"
MuroSeco,ee2a8e0c-557c-400b-a41b-26ff58643e18,Duradero Calidad,110,0,0,1.35,"[3,Calidad C3,24912.21,0.23]"
Pintura,6233157e-76a1-43d3-bc8f-81c60a233946,Ligero,69,6,0,0,"[1,Calidad C1,2388.12,0.23]"
Pintura,1a28155b-c3a1-49c8-a7fc-66d59d5ba8ec,Económico Calidad Rápido,91,10,0,0,"[2,Resistente C2,7601.88,0.11]|[3,Resistente C3,26998.46,0.04]|[1,Resistente C1,21837.78,0.12]|[5,Resistente C5,10080.42,0.19]"
MuroSeco,2b9c1fad-9f8e-4513-a297-702834069575,Impermeable,234,0,1,0.92,"[2,Resistente Calidad C2,2402.12,0.16]"
Pintura,913f836e-eed4-46c6-ac94-8c8cfd81f78a,Calidad Resistente,134,20,0,0,"[4,Calidad Resistente C4,15634.69,0.04]"
MuroSeco,91194260-2ea8-481f-a0ff-7f59f9927919,Ligero Económico Alta Impermeable,247,0,1,1.64,"[4,Alta Resistente C4,1352.23,0.13]"
Pintura,2ab2033a-6cc6-4868-8b81-774be37d59a5,Económico Calidad Secado,71,9,0,0,"[5,Calidad C5,41691.94,0.22]|[1,Calidad C1,7613.11,0.04]|[4,Calidad C4,25557.99,0.21]|[2,Calidad C2,37427.88,0.22]"
Pintura,ac9f247d-c220-4f4f-93e5-2f8684600e75,Impermeable Alta Secado Económico,221,19,0,0,"[4,Alta C4,9845.12,0.24]"
MuroSeco,03d052a2-974f-40d4-bd99-93c0fcf6ec79,Duradero,154,0,1,1.11,"[5,Alta Calidad C5,33207.77,0.12]"
MuroSeco,88b996b5-4f9e-453f-b4f0-9e2cd75e1ada,Secado,99,0,0,1.98,"[1,Resistente Alta C1,19351.29,0.2]|[4,Resistente Alta C4,7537.12,0.13]|[2,Resistente Alta C2,12050.48,0.17]|[3,Resistente Alta C3,35113.66,0.21]|[5,Resistente Alta C5,39842.62,0.13]"
Pintura,1d080a65-fd45-4e62-881b-030d63e7da03,Calidad Duradero Alta Flexible Resistente,163,15,0,0,"[3,Resistente C3,20627.71,0.13]|[5,Resistente C5,20652.91,0.02]|[1,Resistente C1,29876.68,0.07]|[2,Resistente C2,34783.46,0.13]|[4,Resistente C4,46929.07,0.06]"
MuroSeco,1f8a6e4c-54d6-4388-a475-5bf6261e4f61,Económico,240,0,1,1.01,"[2,Calidad C2,29310.19,0.21]|[4,Calidad C4,31995.32,0.2]"
MuroSeco,c6f2f68e-cf89-4753-b802-88b516dad22a,Secado Económico Duradero Resistente,154,0,1,0.41,"[1,Resistente C1,24157.35,0.14]"
MuroSeco,81d85b45-95cd-4d90-8d61-f9c26b771299,Secado Ligero Rápido Alta Calidad,117,0,1,1.05,"[5,Resistente C5,42434.51,0.02]|[2,Resistente C2,19854.62,0.12]|[1,Resistente C1,20434.61,0.19]|[4,Resistente C4,37573.81,0.25]"
Pintura,e11ba146-2625-4d8e-885b-295472965239,Rápido Resistente Calidad Alta Duradero,28,10,0,0,"[1,Alta C1,47675.33,0.13]|[3,Alta C3,40769.91,0.07]|[4,Alta C4,8471.78,0.14]|[2,Alta C2,13311.18,0.13]|[5,Alta C5,42878.27,0.18]"
MuroSeco,7c13193e-2bef-4c11-b404-5f0a40a5b383,Impermeable Flexible Calidad Económico,30,0,1,1.98,"[5,Calidad C5,46750.39,0.08]|[1,Calidad C1,40089.46,0.01]|[3,Calidad C3,34063.21,0.24]"
Pintura,85b0088c-28b8-4dc7-802a-3d16083788ab,Rápido Resistente Duradero,62,15,0,0,"[4,Alta Resistente C4,36819.3,0.07]|[2,Alta Resistente C2,37260.27,0.08]"
Pintura,14417d68-5f2d-48a2-8680-3cdd4c0d4816,Impermeable Rápido,109,12,0,0,"[3,Alta C3,41053.66,0.13]|[1,Alta C1,35985.92,0.23]"
MuroSeco,9f30ce5c-350d-4853-82b9-129f9305fa29,Duradero,36,0,1,0.77,"[1,Calidad C1,16471.0,0.09]|[5,Calidad C5,6351.98,0.13]|[4,Calidad C4,13341.72,0.1]"
MuroSeco,c9d21520-0d09-4fc6-ba44-0678b81db94d,Resistente Económico Secado Rápido,157,0,0,1.35,"[3,Calidad C3,7768.69,0.02]"
MuroSeco,27647b5b-c40a-4149-9cb6-c85ec8dfec41,Rápido Impermeable Secado Económico Alta,127,0,0,1.84,"[2,Calidad C2,44032.04,0.07]|[3,Calidad C3,17888.24,0.21]|[1,Calidad C1,8614.3,0.1]|[4,Calidad C4,31273.36,0.25]"
MuroSeco,c6c13c4a-27af-457a-90e5-e37b5f44162f,Resistente Impermeable,55,0,1,0.93,"[2,Calidad C2,20257.86,0.08]|[5,Calidad C5,43451.12,0.17]|[3,Calidad C3,3279.3,0.05]"
MuroSeco,027ea9fc-92e6-46f3-8cab-d609ff487654,Económico Secado Rápido Ligero Alta,85,0,1,1.7,"[2,Alta C2,33476.68,0.03]|[5,Alta C5,35753.07,0.19]|[4,Alta C4,43212.07,0.09]|[3,Alta C3,27131.79,0.1]|[1,Alta C1,2726.58,0.21]"
MuroSeco,16f21d4e-1c71-43ff-825a-8f00516617a0,Económico Impermeable,245,0,1,0.62,"[1,Calidad Resistente C1,19855.46,0.13]"
Pintura,00b9cffd-9ecb-4eb1-a116-7e99ff77ca7d,Económico Rápido,91,10,0,0,"[1,Calidad C1,5539.57,0.08]|[2,Calidad C2,22254.39,0.08]|[3,Calidad C3,49012.41,0.23]|[4,Calidad C4,26270.47,0.04]|[5,Calidad C5,3866.52,0.05]"
Pintura,81d0de13-f3f8-474f-98a8-0ed61cf465d3,Secado Ligero Económico Alta,229,25,0,0,"[2,Alta C2,33982.1,0.2]|[5,Alta C5,32652.88,0.17]|[3,Alta C3,10675.79,0.12]|[4,Alta C4,21333.97,0.14]"
MuroSeco,37cdf483-98f2-4318-829d-9c2fd104202a,Económico Rápido Flexible Secado,193,0,0,1.58,"[3,Resistente Calidad C3,24549.7,0.13]|[1,Resistente Calidad C1,22370.78,0.16]|[5,Resistente Calidad C5,1637.09,0.15]|[2,Resistente Calidad C2,3011.48,0.12]|[4,Resistente Calidad C4,11895.44,0.08]"
Pintura,05690d79-2abc-4336-82f9-1ace7207d449,Calidad,96,23,0,0,"[5,Resistente C5,20430.26,0.12]|[3,Resistente C3,23117.14,0.21]|[1,Resistente C1,43148.1,0.09]"
Pintura,9d54df42-578b-47d2-8bca-9291860d0601,Rápido Alta,106,25,0,0,"[5,Alta C5,36991.83,0.04]|[4,Alta C4,34483.87,0.19]|[1,Alta C1,37920.48,0.13]|[3,Alta C3,22559.21,0.11]"
Pintura,1924e4a8-4f9d-49eb-8636-7d406bfd5641,Impermeable,146,23,0,0,"[5,Resistente Calidad C5,13785.6,0.05]|[3,Resistente Calidad C3,14357.74,0.24]|[4,Resistente Calidad C4,29040.73,0.02]"
MuroSeco,58522362-65ed-4037-859c-cda2c68025b0,Calidad,175,0,1,0.53,"[2,Resistente C2,4711.59,0.2]|[1,Resistente C1,22776.45,0.2]|[5,Resistente C5,3270.35,0.04]"
MuroSeco,900bb367-2fbb-4382-b33a-ac0123aa2737,Duradero Flexible Alta,121,0,0,1.44,"[5,Alta C5,12395.07,0.17]|[2,Alta C2,3057.57,0.05]|[3,Alta C3,3386.7,0.04]"
Pintura,c52eb8c0-1f9f-4b3d-9109-0567c818fb73,Calidad Rápido Económico Secado,87,17,0,0,"[5,Alta C5,31689.24,0.17]|[4,Alta C4,30278.3,0.22]|[2,Alta C2,41492.65,0.22]|[1,Alta C1,45736.86,0.14]"
Pintura,75f5e2f6-e9d6-4d62-a46f-3e5cb5bca972,Económico Calidad,158,17,0,0,"[2,Calidad Resistente C2,21544.27,0.2]|[3,Calidad Resistente C3,48362.72,0.2]|[4,Calidad Resistente C4,39258.97,0.03]"
Pintura,c15157df-6287-452e-a146-d3f204846829,Rápido Ligero Secado Económico Impermeable,61,7,0,0,"[1,Alta Calidad C1,40288.29,0.03]|[3,Alta Calidad C3,14061.06,0.11]|[2,Alta Calidad C2,18307.84,0.1]|[4,Alta Calidad C4,2590.14,0.02]"
MuroSeco,6479df7a-a683-4e68-9793-4a05006b8a16,Calidad Alta Rápido Resistente Duradero,229,0,1,0.83,"[5,Calidad Alta C5,5394.52,0.2]|[1,Calidad Alta C1,16864.14,0.22]|[2,Calidad Alta C2,33296.94,0.16]|[3,Calidad Alta C3,4909.17,0.08]"
Pintura,be33da02-3f16-4498-ac3c-99b46f88988d,Resistente Rápido Flexible Calidad,53,8,0,0,"[5,Calidad Resistente C5,9654.62,0.25]|[1,Calidad Resistente C1,27339.98,0.13]"
Pintura,6b9a0608-e8e2-4476-835f-c8ffa06bd6b3,Económico Alta,30,20,0,0,"[2,Resistente Calidad C2,47511.23,0.24]|[4,Resistente Calidad C4,14965.63,0.05]"
MuroSeco,c8f61b47-6e58-4b08-a0eb-dced7ffc9243,Económico Alta Impermeable Flexible Duradero,199,0,1,0.91,"[1,Calidad Alta C1,8259.87,0.11]|[2,Calidad Alta C2,5495.66,0.07]"
MuroSeco,08636eef-4154-4a3a-bfc5-2d14aafef015,Resistente,207,0,0,0.52,"[5,Alta Calidad C5,20801.95,0.1]|[4,Alta Calidad C4,2547.82,0.01]|[2,Alta Calidad C2,12454.59,0.22]|[1,Alta Calidad C1,29693.4,0.21]|[3,Alta Calidad C3,9483.35,0.18]"
MuroSeco,35ba61e9-da36-4d21-a1ef-b9a2a3a4c6ad,Duradero Alta Ligero Rápido Flexible,126,0,0,1.65,"[2,Calidad Alta C2,30323.58,0.01]|[5,Calidad Alta C5,37332.59,0.24]|[1,Calidad Alta C1,16612.94,0.09]|[3,Calidad Alta C3,36059.13,0.07]|[4,Calidad Alta C4,19045.17,0.17]"
Pintura,9f91d786-d7f7-4e81-887d-2a169306acfa,Calidad Económico,114,5,0,0,"[5,Alta C5,1706.03,0.06]"
MuroSeco,f10d74df-10ed-45a7-89f1-834bfd1bcc61,Impermeable Resistente Ligero,44,0,0,0.34,"[5,Alta C5,1335.31,0.08]|[3,Alta C3,23392.19,0.11]"
Pintura,4a71c98c-ae30-4a04-9204-df0f7f6fe55d,Económico Flexible,54,17,0,0,"[4,Calidad Alta C4,34458.25,0.2]|[2,Calidad Alta C2,42833.19,0.22]"
MuroSeco,480affaf-2ecd-418b-bc61-de38fcf58810,Económico Ligero Resistente Calidad,145,0,1,1.59,"[1,Calidad C1,26431.17,0.21]|[2,Calidad C2,30113.74,0.24]|[3,Calidad C3,49653.31,0.2]|[5,Calidad C5,29944.63,0.01]"
MuroSeco,0e5e8a4c-e072-49e5-b53c-3c0428cab1fd,Resistente Calidad,226,0,0,1.29,"[3,Calidad Alta C3,39660.65,0.21]|[5,Calidad Alta C5,29691.71,0.06]|[2,Calidad Alta C2,29268.4,0.22]|[1,Calidad Alta C1,48711.41,0.09]"
Pintura,86dbd2eb-28c9-49f3-aedc-aa60527c67f9,Alta Secado Ligero Resistente,57,15,0,0,"[2,Calidad Alta C2,1949.63,0.15]|[1,Calidad Alta C1,2061.85,0.19]"
Pintura,1a13a021-3617-4602-a1cf-1c0e13f2e4ed,Calidad Alta Secado Rápido,174,22,0,0,"[1,Resistente Calidad C1,12145.55,0.15]|[2,Resistente Calidad C2,37900.23,0.22]|[4,Resistente Calidad C4,18069.86,0.2]|[5,Resistente Calidad C5,21358.31,0.2]"
Pintura,eaf1041b-0728-4f39-a891-9e0cc9f8fc7f,Calidad Económico,106,25,0,0,"[2,Resistente C2,37134.75,0.23]|[1,Resistente C1,33648.29,0.05]|[3,Resistente C3,9838.97,0.14]"
Pintura,72e580bb-cb36-43c8-aec9-f90bf28e3f63,Duradero,40,24,0,0,"[3,Resistente Alta C3,49418.26,0.09]|[4,Resistente Alta C4,47571.73,0.08]"
Pintura,18b7210f-7464-4860-a438-790de20d5613,Económico,82,6,0,0,"[3,Resistente Calidad C3,33069.06,0.09]"
Pintura,60b539fd-91c2-4ac6-bec0-948824e1a05d,Rápido Secado,83,19,0,0,"[5,Resistente C5,46846.05,0.22]|[1,Resistente C1,23102.65,0.21]|[3,Resistente C3,25585.18,0.02]|[4,Resistente C4,45379.31,0.18]"
Pintura,7de5435f-ed70-4a80-ad26-d56ea87ef422,Ligero Económico Alta Flexible,110,23,0,0,"[1,Alta Calidad C1,49553.27,0.21]|[3,Alta Calidad C3,36802.72,0.23]"
MuroSeco,67111720-2270-40c6-a132-84859731d861,Económico Calidad Impermeable,147,0,1,0.84,"[2,Resistente Alta C2,24176.77,0.13]|[4,Resistente Alta C4,2350.26,0.15]"
MuroSeco,43156f89-70ed-4d08-b570-f83516b535f5,Calidad Alta Rápido Secado,145,0,1,0.46,"[4,Alta Resistente C4,30653.65,0.06]|[1,Alta Resistente C1,19977.38,0.08]"
Pintura,84036043-3701-4fbd-a2e0-58cead9fb083,Impermeable Calidad,104,25,0,0,"[3,Resistente Alta C3,28149.66,0.14]|[2,Resistente Alta C2,38327.59,0.16]|[1,Resistente Alta C1,11253.53,0.07]"
MuroSeco,64fe0b1c-dbc1-4dac-8b01-4a4f598ef938,Ligero Económico Impermeable,172,0,1,1.03,"[1,Resistente C1,19994.04,0.04]|[3,Resistente C3,45220.94,0.02]|[4,Resistente C4,17526.01,0.19]"
MuroSeco,c3390dcd-ede8-41db-94fa-a612e1d2c2f0,Ligero,165,0,1,0.94,"[4,Resistente C4,14573.93,0.12]|[2,Resistente C2,16320.1,0.06]"
Pintura,4cf702b0-9a35-499b-83a5-97c98e8b69bb,Flexible Duradero Resistente,119,15,0,0,"[4,Resistente C4,43871.62,0.06]|[1,Resistente C1,19275.79,0.04]|[2,Resistente C2,18996.15,0.14]|[3,Resistente C3,6710.02,0.03]|[5,Resistente C5,7192.77,0.17]"
Pintura,4aceac92-baf6-49ca-9ee7-90b4d8a288ae,Rápido Ligero,178,18,0,0,"[2,Resistente C2,3248.52,0.05]|[3,Resistente C3,22128.41,0.16]|[1,Resistente C1,26052.93,0.12]|[5,Resistente C5,42967.88,0.18]"
MuroSeco,58dee52f-52d7-4de7-a1ec-64c668e90a5d,Alta Duradero Secado Rápido,104,0,1,1.19,"[1,Resistente C1,17485.33,0.06]"
Pintura,3eec7ce1-ecf8-47e2-873f-f9ac173ab5c1,Flexible,175,10,0,0,"[1,Resistente C1,12206.11,0.12]|[5,Resistente C5,32621.68,0.13]"
Pintura,83d7b805-9450-4ee9-b16b-5585d1a11dc1,Alta Económico Ligero Calidad Rápido,248,9,0,0,"[2,Resistente Calidad C2,33956.54,0.24]|[4,Resistente Calidad C4,37928.15,0.17]|[3,Resistente Calidad C3,17272.22,0.21]|[5,Resistente Calidad C5,18817.02,0.09]|[1,Resistente Calidad C1,41156.18,0.08]"
Pintura,17081d7c-ecdf-466a-9b25-cd9e2bbf7ea5,Secado Económico,111,15,0,0,"[4,Calidad C4,11874.75,0.15]"
Pintura,ffe42fe3-8d86-4338-b8cf-6ace6c58406d,Económico,181,20,0,0,"[1,Calidad C1,25798.22,0.04]|[3,Calidad C3,25207.9,0.09]|[2,Calidad C2,4276.81,0.19]|[5,Calidad C5,3932.91,0.05]"
MuroSeco,28034fc1-475c-4729-b4ca-d4f647789f7e,Impermeable Alta Resistente Ligero,135,0,0,1.87,"[3,Resistente C3,27872.2,0.18]"
Pintura,4566af61-3f1a-4907-b8b4-699c5f6ed77e,Flexible Alta Duradero,223,9,0,0,"[1,Alta Calidad C1,29363.89,0.19]|[5,Alta Calidad C5,20942.48,0.13]"
Pintura,619b53e3-80fc-4867-9da4-0973f4e1737f,Impermeable Resistente Secado Flexible,104,7,0,0,"[2,Alta C2,49152.44,0.02]|[3,Alta C3,22357.19,0.23]|[4,Alta C4,23882.44,0.22]"
MuroSeco,38b045d6-9b91-445d-adbe-a13a111ce9ee,Económico Flexible Alta Calidad,90,0,1,1.38,"[3,Resistente Calidad C3,1569.91,0.1]"
Pintura,31926c01-8340-4016-8652-ed65b646386c,Calidad Económico Secado,71,24,0,0,"[2,Resistente Calidad C2,29911.92,0.14]"
Pintura,e89eec19-106b-4f17-96e2-5855a6a87b68,Económico Flexible Ligero,211,12,0,0,"[2,Calidad C2,31628.99,0.08]"
MuroSeco,aeab5ab1-934e-4769-9940-f515fe90d397,Duradero Alta Resistente Calidad Rápido,87,0,0,1.45,"[5,Alta Resistente C5,47952.85,0.16]|[3,Alta Resistente C3,11463.09,0.12]|[2,Alta Resistente C2,46594.69,0.24]|[4,Alta Resistente C4,44361.58,0.12]|[1,Alta Resistente C1,23503.47,0.15]"
Pintura,f94aaad1-e004-48d4-b6e1-6b0972922d60,Ligero,149,7,0,0,"[1,Resistente C1,27738.95,0.02]|[4,Resistente C4,9209.44,0.07]|[2,Resistente C2,6304.71,0.22]|[5,Resistente C5,28612.23,0.05]"
